Workbook

Sheet 月 報
A1: 選択 | B1: 月 報 | G1: 選択 | H1: 選択
A2: 年/月/日 | B2: 現 場 名 | C2: 担当者 | D2: 入工 | E2: 退出 | F2: 休憩 | G2: 労働時間 | H2: 残業時間 | I2: 深夜残業
G3: =IF(D3="","",E3-D3-F3) | H3: =IF(OR(D3="",G3<=TIME(9,0,0)),"",G3-TIME(9,0,0)) | I3: =IF(E3>deta!$D$2,E3-deta!$D$2,"")
G4: =IF(D4="","",E4-D4-F4) | H4: =IF(OR(D4="",G4<=TIME(9,0,0)),"",G4-TIME(9,0,0)) | I4: =IF(E4>deta!$D$2,E4-deta!$D$2,"")
G5: =IF(D5="","",E5-D5-F5) | H5: =IF(OR(D5="",G5<=TIME(9,0,0)),"",G5-TIME(9,0,0)) | I5: =IF(E5>deta!$D$2,E5-deta!$D$2,"")
G6: =IF(D6="","",E6-D6-F6) | H6: =IF(OR(D6="",G6<=TIME(9,0,0)),"",G6-TIME(9,0,0)) | I6: =IF(E6>deta!$D$2,E6-deta!$D$2,"")
G7: =IF(D7="","",E7-D7-F7) | H7: =IF(OR(D7="",G7<=TIME(9,0,0)),"",G7-TIME(9,0,0)) | I7: =IF(E7>deta!$D$2,E7-deta!$D$2,"")
G8: =IF(D8="","",E8-D8-F8) | H8: =IF(OR(D8="",G8<=TIME(9,0,0)),"",G8-TIME(9,0,0)) | I8: =IF(E8>deta!$D$2,E8-deta!$D$2,"")
G9: =IF(D9="","",E9-D9-F9) | H9: =IF(OR(D9="",G9<=TIME(9,0,0)),"",G9-TIME(9,0,0)) | I9: =IF(E9>deta!$D$2,E9-deta!$D$2,"")
G10: =IF(D10="","",E10-D10-F10) | H10: =IF(OR(D10="",G10<=TIME(9,0,0)),"",G10-TIME(9,0,0)) | I10: =IF(E10>deta!$D$2,E10-deta!$D$2,"")
G11: =IF(D11="","",E11-D11-F11) | H11: =IF(OR(D11="",G11<=TIME(9,0,0)),"",G11-TIME(9,0,0)) | I11: =IF(E11>deta!$D$2,E11-deta!$D$2,"")
G12: =IF(D12="","",E12-D12-F12) | H12: =IF(OR(D12="",G12<=TIME(9,0,0)),"",G12-TIME(9,0,0)) | I12: =IF(E12>deta!$D$2,E12-deta!$D$2,"")
G13: =IF(D13="","",E13-D13-F13) | H13: =IF(OR(D13="",G13<=TIME(9,0,0)),"",G13-TIME(9,0,0)) | I13: =IF(E13>deta!$D$2,E13-deta!$D$2,"")
G14: =IF(D14="","",E14-D14-F14) | H14: =IF(OR(D14="",G14<=TIME(9,0,0)),"",G14-TIME(9,0,0)) | I14: =IF(E14>deta!$D$2,E14-deta!$D$2,"")
... G44: =IF(D44="","",E44-D44-F44) | H44: =IF(OR(D44="",G44<=TIME(9,0,0)),"",G44-TIME(9,0,0)) | I44: =IF(E44>deta!$D$2,E44-deta!$D$2,"")
A46: ＊ 時刻は24時間表記で入力して下さい。 | H46: 勤務時間 | I46: =SUM(G3:G44)-SUM(H3:H44) -> 0
H47: 残業時間 | I47: =SUM(H3:H44) -> 0
H48: 深夜残業 | I48: =SUM(I3:I44) -> 0
H49: 休み | I49: =COUNTIF(B3:B44,"休み") -> 0

Sheet deta
F1: 選択 | G1: 選択 | H1: 選択
D2: 0.91666667 | E2: 松波課長 | F2: １月 | G2: 岡田康均 | H2: 氏名
E3: 宇佐美課長 | F3: ２月 | G3: 牧野宏昭 | H3: 社名
E4: 安部課長 | F4: ３月 | G4: 與儀電設
C5: 0.041666667 | E5: 鈴木課長 | F5: ４月 | G5: 弁天防災
E6: 梅田係長 | F6: ５月 | G6: 植田防災
E7: 寺本係長 | F7: ６月 | G7: 宮田防災設備
E8: 堰合 | F8: ７月
E9: 半澤主任 | F9: ８月
E10: 西岡 | F10: ９月
E11: 石井 | F11: １０月
E12: 大塚 | F12: １１月
E13: 岡田（光） | F13: １２月
E14: 岡田（直）
E15: 河内
E16: 佐藤
E17: 後藤
E18: 三浦
E19: 前田
E20: 仲田
E21: 浅野
E22: 嶋津
E23: 北村
E24: 仲津
E25: 藤田
